wallet_address,status,transaction_signature,timestamp,batch_number
FmTTpg3yaZwsYCta2TG7ksLwLC3BJHQDP9xQVauVD3To,success,5uRhomFUBoiEWJ27FjsHJ6rNKQguU9oxWv9zVhzYfA1RAinygL65SkoNMbiSW1cdygVc22Es3NVBmbUPWqJWGPjc,2025-03-27T06:14:38.916Z,1
9qLCzf5uEK3mamuoAyS5DqQUDhSf8KeZ4wocxNdFdrjb,success,5uRhomFUBoiEWJ27FjsHJ6rNKQguU9oxWv9zVhzYfA1RAinygL65SkoNMbiSW1cdygVc22Es3NVBmbUPWqJWGPjc,2025-03-27T06:14:38.916Z,1
EXJQaU7rtnB5QXS6XFMeHtkgciFAMKyedZAioR58KWjG,success,5uRhomFUBoiEWJ27FjsHJ6rNKQguU9oxWv9zVhzYfA1RAinygL65SkoNMbiSW1cdygVc22Es3NVBmbUPWqJWGPjc,2025-03-27T06:14:38.916Z,1
C25SPpHy9Pvjv9bZafHmvsiwcyz2gZzjzQkvjBpBYn7Q,success,5uRhomFUBoiEWJ27FjsHJ6rNKQguU9oxWv9zVhzYfA1RAinygL65SkoNMbiSW1cdygVc22Es3NVBmbUPWqJWGPjc,2025-03-27T06:14:38.916Z,1
BMcpQ6osuXcha4AZLL2mr7QDC8JN62ZEbzzsCE6byYzp,success,5uRhomFUBoiEWJ27FjsHJ6rNKQguU9oxWv9zVhzYfA1RAinygL65SkoNMbiSW1cdygVc22Es3NVBmbUPWqJWGPjc,2025-03-27T06:14:38.916Z,1
DSJe4BxVkPK1PrqjGK9WkA2P4LFaSpi7yRPZ8A9vc5Fx,success,5uRhomFUBoiEWJ27FjsHJ6rNKQguU9oxWv9zVhzYfA1RAinygL65SkoNMbiSW1cdygVc22Es3NVBmbUPWqJWGPjc,2025-03-27T06:14:38.916Z,1
FZxws5VwbaL9RDVjSfCV9MwQyesUoHgwgP7Rv2R5cPf9,success,5uRhomFUBoiEWJ27FjsHJ6rNKQguU9oxWv9zVhzYfA1RAinygL65SkoNMbiSW1cdygVc22Es3NVBmbUPWqJWGPjc,2025-03-27T06:14:38.916Z,1
9TYGenKuGnioFzPNWoR9YCXtYZvy1g9km8yXyzJBcLFt,success,5uRhomFUBoiEWJ27FjsHJ6rNKQguU9oxWv9zVhzYfA1RAinygL65SkoNMbiSW1cdygVc22Es3NVBmbUPWqJWGPjc,2025-03-27T06:14:38.916Z,1
A7MHYjsKHpcEasGmGpxzfEuPXU9CMwP6xn88JxtAS7J3,success,5uRhomFUBoiEWJ27FjsHJ6rNKQguU9oxWv9zVhzYfA1RAinygL65SkoNMbiSW1cdygVc22Es3NVBmbUPWqJWGPjc,2025-03-27T06:14:38.916Z,1
92aof2T54VVe9hYNytNPPcmMCRt9revoSmx53N8r7U8N,success,5uRhomFUBoiEWJ27FjsHJ6rNKQguU9oxWv9zVhzYfA1RAinygL65SkoNMbiSW1cdygVc22Es3NVBmbUPWqJWGPjc,2025-03-27T06:14:38.916Z,1
7s2V2X7ZjqY2rD9rZudhSaXruAjh9Kv9Wy1jGDuZgLkC,success,5uRhomFUBoiEWJ27FjsHJ6rNKQguU9oxWv9zVhzYfA1RAinygL65SkoNMbiSW1cdygVc22Es3NVBmbUPWqJWGPjc,2025-03-27T06:14:38.916Z,1
4ewvKqY2JoSjKiKUG2qkRe48bWvMNosTAsFiXwgU7DiR,success,5uRhomFUBoiEWJ27FjsHJ6rNKQguU9oxWv9zVhzYfA1RAinygL65SkoNMbiSW1cdygVc22Es3NVBmbUPWqJWGPjc,2025-03-27T06:14:38.916Z,1
6vYDNHxKKe1FRFmVM17Rcjc9oiEQ1FZnokZeaxfo8SmK,success,5uRhomFUBoiEWJ27FjsHJ6rNKQguU9oxWv9zVhzYfA1RAinygL65SkoNMbiSW1cdygVc22Es3NVBmbUPWqJWGPjc,2025-03-27T06:14:38.916Z,1
4rNcDVHBsR2APw1YFvbtZ1AHkb8VUsrHn5sNU7eCsADa,success,5uRhomFUBoiEWJ27FjsHJ6rNKQguU9oxWv9zVhzYfA1RAinygL65SkoNMbiSW1cdygVc22Es3NVBmbUPWqJWGPjc,2025-03-27T06:14:38.916Z,1
qjHx6hn9RuMV6LyRfyXFseFjZ7ex7xjMj54imTAssHC,success,5uRhomFUBoiEWJ27FjsHJ6rNKQguU9oxWv9zVhzYfA1RAinygL65SkoNMbiSW1cdygVc22Es3NVBmbUPWqJWGPjc,2025-03-27T06:14:38.916Z,1
12e7UfYqj6nuXWoC1Rr1PfNFtUU27E96ahLvrCUBc4aF,success,5uRhomFUBoiEWJ27FjsHJ6rNKQguU9oxWv9zVhzYfA1RAinygL65SkoNMbiSW1cdygVc22Es3NVBmbUPWqJWGPjc,2025-03-27T06:14:38.916Z,1
81RyfJpxYTkAd3YHjVsrpReoRaRQu7cq6eiUS4ftY72g,success,5uRhomFUBoiEWJ27FjsHJ6rNKQguU9oxWv9zVhzYfA1RAinygL65SkoNMbiSW1cdygVc22Es3NVBmbUPWqJWGPjc,2025-03-27T06:14:38.916Z,1
FbBfqRmM9tWK4vhS6QgNi8Mp58BicYpdmvb6KhB53GYR,success,5uRhomFUBoiEWJ27FjsHJ6rNKQguU9oxWv9zVhzYfA1RAinygL65SkoNMbiSW1cdygVc22Es3NVBmbUPWqJWGPjc,2025-03-27T06:14:38.916Z,1
7x9n4hkQAggFVgLs8gPr1BnqUyoxDhCQpBmBzWUjZ7Gq,success,5uRhomFUBoiEWJ27FjsHJ6rNKQguU9oxWv9zVhzYfA1RAinygL65SkoNMbiSW1cdygVc22Es3NVBmbUPWqJWGPjc,2025-03-27T06:14:38.916Z,1
G3UCYjeH7hvodqit8cnAqnHnqtq6GjF3yU4dPkknaUSu,success,5uRhomFUBoiEWJ27FjsHJ6rNKQguU9oxWv9zVhzYfA1RAinygL65SkoNMbiSW1cdygVc22Es3NVBmbUPWqJWGPjc,2025-03-27T06:14:38.916Z,1
7z5rAeDXg7X2kwACPN3FjsQjVZNq9VwBXtbRZnSBSY67,success,5xVgwx7WE3SRMwakKy38YGEXeJHYRe7YxYSU7xtWphqvBcb1wZawhmYGcPXHoZDXxxMpy5LNheehoiBQGRPg58yE,2025-03-27T06:14:45.487Z,2
CijPxsjhv3mfVuDakJ7g2uVeXi8gj1xgcCYbE47NJeTg,success,5xVgwx7WE3SRMwakKy38YGEXeJHYRe7YxYSU7xtWphqvBcb1wZawhmYGcPXHoZDXxxMpy5LNheehoiBQGRPg58yE,2025-03-27T06:14:45.487Z,2
GwrPEFWToprth2uuRLR41yQf83f1fzs6KfAB9bcN5Ck5,success,5xVgwx7WE3SRMwakKy38YGEXeJHYRe7YxYSU7xtWphqvBcb1wZawhmYGcPXHoZDXxxMpy5LNheehoiBQGRPg58yE,2025-03-27T06:14:45.487Z,2
F7cQ4GxhCh8QHpKd8UJfajep2H95qdqFcS2YvmRpJmzh,success,5xVgwx7WE3SRMwakKy38YGEXeJHYRe7YxYSU7xtWphqvBcb1wZawhmYGcPXHoZDXxxMpy5LNheehoiBQGRPg58yE,2025-03-27T06:14:45.487Z,2
AKJxiz6tLx1MBx1aje4dFYofhsteNJPyECAks5fewwpf,success,5xVgwx7WE3SRMwakKy38YGEXeJHYRe7YxYSU7xtWphqvBcb1wZawhmYGcPXHoZDXxxMpy5LNheehoiBQGRPg58yE,2025-03-27T06:14:45.487Z,2
ANKi5mEhVnxqV11e3XUfG6iaMBru28FJd2oZ1u5hryzK,success,5xVgwx7WE3SRMwakKy38YGEXeJHYRe7YxYSU7xtWphqvBcb1wZawhmYGcPXHoZDXxxMpy5LNheehoiBQGRPg58yE,2025-03-27T06:14:45.487Z,2
B3qj5gg4Pq4NTfvpYDSRuQdyEZYKshEzxAbF1emPfXV7,success,5xVgwx7WE3SRMwakKy38YGEXeJHYRe7YxYSU7xtWphqvBcb1wZawhmYGcPXHoZDXxxMpy5LNheehoiBQGRPg58yE,2025-03-27T06:14:45.487Z,2
5fWbR3CsbzpKsBxNCYmKNM4wqnt3LC7iznuFcEL2aC4g,success,5xVgwx7WE3SRMwakKy38YGEXeJHYRe7YxYSU7xtWphqvBcb1wZawhmYGcPXHoZDXxxMpy5LNheehoiBQGRPg58yE,2025-03-27T06:14:45.487Z,2
Gt3FvWSsy17tzjZY1dsvnVUKNTp7xWytdiEwDLyi5kaw,success,5xVgwx7WE3SRMwakKy38YGEXeJHYRe7YxYSU7xtWphqvBcb1wZawhmYGcPXHoZDXxxMpy5LNheehoiBQGRPg58yE,2025-03-27T06:14:45.487Z,2
9iQTCrvfUa3jTmB5ZSx3A7u7V1VB2m1b82o3Wb4ftEWi,success,5xVgwx7WE3SRMwakKy38YGEXeJHYRe7YxYSU7xtWphqvBcb1wZawhmYGcPXHoZDXxxMpy5LNheehoiBQGRPg58yE,2025-03-27T06:14:45.487Z,2
C2piab1aezc65Ga6hN4ctgyUmn747tN6JmnPPL9P2hF9,success,5xVgwx7WE3SRMwakKy38YGEXeJHYRe7YxYSU7xtWphqvBcb1wZawhmYGcPXHoZDXxxMpy5LNheehoiBQGRPg58yE,2025-03-27T06:14:45.487Z,2
8Ld4dp8c9wZH6e2JYFG1PfqMMmJtTiMzguU1x1VFxFS6,success,5xVgwx7WE3SRMwakKy38YGEXeJHYRe7YxYSU7xtWphqvBcb1wZawhmYGcPXHoZDXxxMpy5LNheehoiBQGRPg58yE,2025-03-27T06:14:45.487Z,2
8zzDewxGmNUK2iuUR1BwY8HMxTAZJ4JxyUmJDfJzfMiC,success,5xVgwx7WE3SRMwakKy38YGEXeJHYRe7YxYSU7xtWphqvBcb1wZawhmYGcPXHoZDXxxMpy5LNheehoiBQGRPg58yE,2025-03-27T06:14:45.487Z,2
GmmNwTMa7obaqhtUb6rVKUMxWJjakv7H4LpiX6LJSdmx,success,5xVgwx7WE3SRMwakKy38YGEXeJHYRe7YxYSU7xtWphqvBcb1wZawhmYGcPXHoZDXxxMpy5LNheehoiBQGRPg58yE,2025-03-27T06:14:45.487Z,2
CmpzaMh5eX7tZeGhhW4zkRkbVZMMEQGHeiq3TwFGK7wV,success,5xVgwx7WE3SRMwakKy38YGEXeJHYRe7YxYSU7xtWphqvBcb1wZawhmYGcPXHoZDXxxMpy5LNheehoiBQGRPg58yE,2025-03-27T06:14:45.487Z,2
E39sR5rFq2WwjsnekxCz8LkUCex3SPsiZmcroUKLoW8u,success,5xVgwx7WE3SRMwakKy38YGEXeJHYRe7YxYSU7xtWphqvBcb1wZawhmYGcPXHoZDXxxMpy5LNheehoiBQGRPg58yE,2025-03-27T06:14:45.487Z,2
4mnTvuc3mCQBSwWMjQUH7YKhQQyFsnHkkfqKABkyMQft,success,5xVgwx7WE3SRMwakKy38YGEXeJHYRe7YxYSU7xtWphqvBcb1wZawhmYGcPXHoZDXxxMpy5LNheehoiBQGRPg58yE,2025-03-27T06:14:45.487Z,2
8giXpkXwfh1D5gcP1ujEtX2pdo6YFCfUgfm3Jd5dkJys,success,5xVgwx7WE3SRMwakKy38YGEXeJHYRe7YxYSU7xtWphqvBcb1wZawhmYGcPXHoZDXxxMpy5LNheehoiBQGRPg58yE,2025-03-27T06:14:45.487Z,2
33KTTzQYH18ecTE8e7vmWha9dfDVHTLyimzcVrWS3WEm,success,5xVgwx7WE3SRMwakKy38YGEXeJHYRe7YxYSU7xtWphqvBcb1wZawhmYGcPXHoZDXxxMpy5LNheehoiBQGRPg58yE,2025-03-27T06:14:45.487Z,2
43DJ63ZGZ8G7WKRTWvZbLdr73q2rmWTEN6YPaya6Mnx5,success,5xVgwx7WE3SRMwakKy38YGEXeJHYRe7YxYSU7xtWphqvBcb1wZawhmYGcPXHoZDXxxMpy5LNheehoiBQGRPg58yE,2025-03-27T06:14:45.487Z,2
5QP7XpUs95H5VZxjzmxGzC3RHYDSAjK9sYyDoK6uuNcd,success,224DFtcDhhu1Wh7rbZMZvwGVJ9CdGZJx6e1NE1w21mg9aZMRAW3r1khK8vqRLb1Z5MMbE1p3NMydkq3P72pDbuzT,2025-03-27T06:14:52.083Z,3
14rghAS2vY4w4BGvm89SRdhwqVGvTZRd6QDmDgsag4Es,success,224DFtcDhhu1Wh7rbZMZvwGVJ9CdGZJx6e1NE1w21mg9aZMRAW3r1khK8vqRLb1Z5MMbE1p3NMydkq3P72pDbuzT,2025-03-27T06:14:52.083Z,3
Hb7FyqsrdCmoDFp4PVfQK6nEYteyTJv6mFeprpRdUHWE,success,224DFtcDhhu1Wh7rbZMZvwGVJ9CdGZJx6e1NE1w21mg9aZMRAW3r1khK8vqRLb1Z5MMbE1p3NMydkq3P72pDbuzT,2025-03-27T06:14:52.083Z,3
AQWkdin2qVdFsp1UY3vYuW1Tot84Y5yPDeiUjARo68FB,success,224DFtcDhhu1Wh7rbZMZvwGVJ9CdGZJx6e1NE1w21mg9aZMRAW3r1khK8vqRLb1Z5MMbE1p3NMydkq3P72pDbuzT,2025-03-27T06:14:52.083Z,3
Bd5Fr4fCdvBLrrX2NyGMNPFQ1skvWHBoDYcLEoxgSK38,success,224DFtcDhhu1Wh7rbZMZvwGVJ9CdGZJx6e1NE1w21mg9aZMRAW3r1khK8vqRLb1Z5MMbE1p3NMydkq3P72pDbuzT,2025-03-27T06:14:52.083Z,3
6c19L8P3jNZ1zsTfjYaQXPSUzQSCKovg76MR6F3QA1qW,success,224DFtcDhhu1Wh7rbZMZvwGVJ9CdGZJx6e1NE1w21mg9aZMRAW3r1khK8vqRLb1Z5MMbE1p3NMydkq3P72pDbuzT,2025-03-27T06:14:52.083Z,3
CbudBLn7ZMJdHXAvbW12Yp7YUJuXqTreJubukBjHo3XE,success,224DFtcDhhu1Wh7rbZMZvwGVJ9CdGZJx6e1NE1w21mg9aZMRAW3r1khK8vqRLb1Z5MMbE1p3NMydkq3P72pDbuzT,2025-03-27T06:14:52.083Z,3
EydvPMHkWsgXNzv3DHATbLKVrydvqXzCC2o5FjprYXUs,success,224DFtcDhhu1Wh7rbZMZvwGVJ9CdGZJx6e1NE1w21mg9aZMRAW3r1khK8vqRLb1Z5MMbE1p3NMydkq3P72pDbuzT,2025-03-27T06:14:52.083Z,3
Epr69B37dk3c3qE267xX4unRY37PiE4aNuL6f8fXRm53,success,224DFtcDhhu1Wh7rbZMZvwGVJ9CdGZJx6e1NE1w21mg9aZMRAW3r1khK8vqRLb1Z5MMbE1p3NMydkq3P72pDbuzT,2025-03-27T06:14:52.083Z,3
8Cdi82Ync2MFwzfLgXM3c6AGpsYRDH7gVbL9QeUReaUz,success,224DFtcDhhu1Wh7rbZMZvwGVJ9CdGZJx6e1NE1w21mg9aZMRAW3r1khK8vqRLb1Z5MMbE1p3NMydkq3P72pDbuzT,2025-03-27T06:14:52.083Z,3
FEP9K69AE4PEHzqbTvqtHNzQQtTPn5cGaNaoS4RZLAU2,success,224DFtcDhhu1Wh7rbZMZvwGVJ9CdGZJx6e1NE1w21mg9aZMRAW3r1khK8vqRLb1Z5MMbE1p3NMydkq3P72pDbuzT,2025-03-27T06:14:52.083Z,3
CFJSLN9SAfPmMNn5LYzP4FqbWuwEV8qZsMd1V91SDCua,success,224DFtcDhhu1Wh7rbZMZvwGVJ9CdGZJx6e1NE1w21mg9aZMRAW3r1khK8vqRLb1Z5MMbE1p3NMydkq3P72pDbuzT,2025-03-27T06:14:52.083Z,3
BeHYps94uFcRpwRf8TGudxdpSnuMxMvM2aVseVjvyT8W,success,224DFtcDhhu1Wh7rbZMZvwGVJ9CdGZJx6e1NE1w21mg9aZMRAW3r1khK8vqRLb1Z5MMbE1p3NMydkq3P72pDbuzT,2025-03-27T06:14:52.083Z,3
9Nan6duv9iddbqEkE1qDYC8nK5ocZHARzVBxmwC6e6Ky,success,224DFtcDhhu1Wh7rbZMZvwGVJ9CdGZJx6e1NE1w21mg9aZMRAW3r1khK8vqRLb1Z5MMbE1p3NMydkq3P72pDbuzT,2025-03-27T06:14:52.083Z,3
6B21azHQd27mMCyweQNjzgMD2swo47QmpPmEyCtsjRZX,success,224DFtcDhhu1Wh7rbZMZvwGVJ9CdGZJx6e1NE1w21mg9aZMRAW3r1khK8vqRLb1Z5MMbE1p3NMydkq3P72pDbuzT,2025-03-27T06:14:52.083Z,3
C6WUeWSqnBaZVNiQqBwS8Y3z7Ut212Nw21oM9ND64LhG,success,224DFtcDhhu1Wh7rbZMZvwGVJ9CdGZJx6e1NE1w21mg9aZMRAW3r1khK8vqRLb1Z5MMbE1p3NMydkq3P72pDbuzT,2025-03-27T06:14:52.083Z,3
5YvHT5Rm1syCgRzAp3Cf4MWxeJSNJZXQUMYknXd1pzMg,success,224DFtcDhhu1Wh7rbZMZvwGVJ9CdGZJx6e1NE1w21mg9aZMRAW3r1khK8vqRLb1Z5MMbE1p3NMydkq3P72pDbuzT,2025-03-27T06:14:52.083Z,3
4M4EbhseJufWCNk5X2UdUfpCsibovEfiT6JkowZcKjYC,success,224DFtcDhhu1Wh7rbZMZvwGVJ9CdGZJx6e1NE1w21mg9aZMRAW3r1khK8vqRLb1Z5MMbE1p3NMydkq3P72pDbuzT,2025-03-27T06:14:52.083Z,3
3dD6ECcuLbahLaDeBCNxXFtueXrwN8Hy3DDFDJQWgWNQ,success,224DFtcDhhu1Wh7rbZMZvwGVJ9CdGZJx6e1NE1w21mg9aZMRAW3r1khK8vqRLb1Z5MMbE1p3NMydkq3P72pDbuzT,2025-03-27T06:14:52.083Z,3
7DDbNLxRyUy1m7gfR6bXqPvux44GcZTkZDc2XQJN4GPc,success,224DFtcDhhu1Wh7rbZMZvwGVJ9CdGZJx6e1NE1w21mg9aZMRAW3r1khK8vqRLb1Z5MMbE1p3NMydkq3P72pDbuzT,2025-03-27T06:14:52.083Z,3
D2xqKnJqhM76UvvkYmJ1ARcKS4M6ojs3CfSrW34vU8ni,success,5rZHKUQUxvLvfz6GVUEPuiSnYbL4dei3CV1B7BzkQVhFzzPCuo2yE7VJAZCxZi4usdu7xK128zun7yegNvGTowC2,2025-03-27T06:14:58.540Z,4
BiEC5nw1jxsauyr7pP21ptJHHMGtAwrtFzh6ApkXz76y,success,5rZHKUQUxvLvfz6GVUEPuiSnYbL4dei3CV1B7BzkQVhFzzPCuo2yE7VJAZCxZi4usdu7xK128zun7yegNvGTowC2,2025-03-27T06:14:58.540Z,4
4E5ZkkotZWks9SrtDj353GWjRMSe59Dv7Nf73Y2eQgae,success,5rZHKUQUxvLvfz6GVUEPuiSnYbL4dei3CV1B7BzkQVhFzzPCuo2yE7VJAZCxZi4usdu7xK128zun7yegNvGTowC2,2025-03-27T06:14:58.540Z,4
E4in1oaE48sp2XjraJbAA7KUf795cUzCkY4pTkqXHpoZ,success,5rZHKUQUxvLvfz6GVUEPuiSnYbL4dei3CV1B7BzkQVhFzzPCuo2yE7VJAZCxZi4usdu7xK128zun7yegNvGTowC2,2025-03-27T06:14:58.540Z,4
CociQMxYATfXA1WNUMFFZNFAQGJGhxLxbZT8w1qPDTAB,success,5rZHKUQUxvLvfz6GVUEPuiSnYbL4dei3CV1B7BzkQVhFzzPCuo2yE7VJAZCxZi4usdu7xK128zun7yegNvGTowC2,2025-03-27T06:14:58.540Z,4
141XReDZCg6DwvJqdKDB6GPXVEEVWNF4HD4Zt7StC9Uo,success,5rZHKUQUxvLvfz6GVUEPuiSnYbL4dei3CV1B7BzkQVhFzzPCuo2yE7VJAZCxZi4usdu7xK128zun7yegNvGTowC2,2025-03-27T06:14:58.540Z,4
B3Ha1EsSDAm17ue4UjE3ELS6KsZduoQdBn4rB4tVWB5L,success,5rZHKUQUxvLvfz6GVUEPuiSnYbL4dei3CV1B7BzkQVhFzzPCuo2yE7VJAZCxZi4usdu7xK128zun7yegNvGTowC2,2025-03-27T06:14:58.540Z,4
Dbq9p7sMJ6gfDVqsBFBtTT4cVgCg2uFQUz83HGnTs5r3,success,5rZHKUQUxvLvfz6GVUEPuiSnYbL4dei3CV1B7BzkQVhFzzPCuo2yE7VJAZCxZi4usdu7xK128zun7yegNvGTowC2,2025-03-27T06:14:58.540Z,4
HKnh9PQecPP234gM78oq6j9vXUsntd3w4thssxTYGD46,success,5rZHKUQUxvLvfz6GVUEPuiSnYbL4dei3CV1B7BzkQVhFzzPCuo2yE7VJAZCxZi4usdu7xK128zun7yegNvGTowC2,2025-03-27T06:14:58.540Z,4
WUpA1MiVZ5jqLDxPWX2a4oaae3FY6PV4C8XhLjSkxRy,success,5rZHKUQUxvLvfz6GVUEPuiSnYbL4dei3CV1B7BzkQVhFzzPCuo2yE7VJAZCxZi4usdu7xK128zun7yegNvGTowC2,2025-03-27T06:14:58.540Z,4
EYTN9eRR4y4zN2yCR9L8cWvvbWbGTSuNrRT1ixMf6wND,success,5rZHKUQUxvLvfz6GVUEPuiSnYbL4dei3CV1B7BzkQVhFzzPCuo2yE7VJAZCxZi4usdu7xK128zun7yegNvGTowC2,2025-03-27T06:14:58.540Z,4
ESRjTPkB7YFhYQv9hn6nqTVHPcDLYUVhvCGE1WuRZWm5,success,5rZHKUQUxvLvfz6GVUEPuiSnYbL4dei3CV1B7BzkQVhFzzPCuo2yE7VJAZCxZi4usdu7xK128zun7yegNvGTowC2,2025-03-27T06:14:58.540Z,4
9JgDBwub3vNMJn2786MuiAG3GdwbMWd83uroG2i8Ppzr,success,5rZHKUQUxvLvfz6GVUEPuiSnYbL4dei3CV1B7BzkQVhFzzPCuo2yE7VJAZCxZi4usdu7xK128zun7yegNvGTowC2,2025-03-27T06:14:58.540Z,4
6GSMDFE6ApZvbVa1PQUkZh9LTqTobVGk5Sfbi87H1JNB,success,5rZHKUQUxvLvfz6GVUEPuiSnYbL4dei3CV1B7BzkQVhFzzPCuo2yE7VJAZCxZi4usdu7xK128zun7yegNvGTowC2,2025-03-27T06:14:58.540Z,4
9V83EdYfFzS6UZXNp4WxqeUnq5KMkM52yc2Hf1E49SUz,success,5rZHKUQUxvLvfz6GVUEPuiSnYbL4dei3CV1B7BzkQVhFzzPCuo2yE7VJAZCxZi4usdu7xK128zun7yegNvGTowC2,2025-03-27T06:14:58.540Z,4
HqVf4mVSVk7J2MZ7P11kUJHibTwvfvigaNaQYKBjaHCS,success,5rZHKUQUxvLvfz6GVUEPuiSnYbL4dei3CV1B7BzkQVhFzzPCuo2yE7VJAZCxZi4usdu7xK128zun7yegNvGTowC2,2025-03-27T06:14:58.540Z,4
BCTeFdmtm9376cKyCkCtGFfAMFBZGAbd1BzbGvmYG1LQ,success,5rZHKUQUxvLvfz6GVUEPuiSnYbL4dei3CV1B7BzkQVhFzzPCuo2yE7VJAZCxZi4usdu7xK128zun7yegNvGTowC2,2025-03-27T06:14:58.540Z,4
CSA2yr3SsLJkuguxHQoeEHUFqBQ87sqbqPv7Md9X9iHX,success,5rZHKUQUxvLvfz6GVUEPuiSnYbL4dei3CV1B7BzkQVhFzzPCuo2yE7VJAZCxZi4usdu7xK128zun7yegNvGTowC2,2025-03-27T06:14:58.540Z,4
5jSrEK74t9cjD9DYotQEeMRiL6GABP66TKWZ1oiRtPg,success,5rZHKUQUxvLvfz6GVUEPuiSnYbL4dei3CV1B7BzkQVhFzzPCuo2yE7VJAZCxZi4usdu7xK128zun7yegNvGTowC2,2025-03-27T06:14:58.540Z,4
5beNadxbn5wRwbioDpjm5sTwbSJwQgaxCLxoThgJ8bxW,success,5rZHKUQUxvLvfz6GVUEPuiSnYbL4dei3CV1B7BzkQVhFzzPCuo2yE7VJAZCxZi4usdu7xK128zun7yegNvGTowC2,2025-03-27T06:14:58.540Z,4
HasrcYDTLEuaZJAcnxAgyunTTSe4Tb7daFkjZpp5FNLK,success,2TvYg7qTWsTGYS47eMEKzSQiyBkp3dwvVQ8uohSUtetZGbWMoAWiaTfrXE2EAR8Kh4zcuSAaGq2KMsbw8Yfnt2hF,2025-03-27T06:15:06.286Z,5
55b1Gwc3r3ZprRxhrQ7GwFbGqRoVzQpnEa7yYqbqpkh4,success,2TvYg7qTWsTGYS47eMEKzSQiyBkp3dwvVQ8uohSUtetZGbWMoAWiaTfrXE2EAR8Kh4zcuSAaGq2KMsbw8Yfnt2hF,2025-03-27T06:15:06.286Z,5
DRGNP7EEZudWj5dY6anChDCCNP9giKFRhKiws5k6Pwa9,success,2TvYg7qTWsTGYS47eMEKzSQiyBkp3dwvVQ8uohSUtetZGbWMoAWiaTfrXE2EAR8Kh4zcuSAaGq2KMsbw8Yfnt2hF,2025-03-27T06:15:06.286Z,5
EfMBL2oeHgFHH6KWaJ7Qd3st4Vn3mL8Z8G13buSnSuSb,success,2TvYg7qTWsTGYS47eMEKzSQiyBkp3dwvVQ8uohSUtetZGbWMoAWiaTfrXE2EAR8Kh4zcuSAaGq2KMsbw8Yfnt2hF,2025-03-27T06:15:06.286Z,5
6x7DqKoERcB8vraBQfGxv7TJ94DWR51Jyyb2EhCTwdyR,success,2TvYg7qTWsTGYS47eMEKzSQiyBkp3dwvVQ8uohSUtetZGbWMoAWiaTfrXE2EAR8Kh4zcuSAaGq2KMsbw8Yfnt2hF,2025-03-27T06:15:06.286Z,5
DfWZxoJeTCj4LQPpgXRTb8CCVFrQzPRztaz7DWYhyYRa,success,2TvYg7qTWsTGYS47eMEKzSQiyBkp3dwvVQ8uohSUtetZGbWMoAWiaTfrXE2EAR8Kh4zcuSAaGq2KMsbw8Yfnt2hF,2025-03-27T06:15:06.286Z,5
EGCDMdz7jaW5P2611Xk3uPU9QrwCzMpwaTSa8tXnndPF,success,2TvYg7qTWsTGYS47eMEKzSQiyBkp3dwvVQ8uohSUtetZGbWMoAWiaTfrXE2EAR8Kh4zcuSAaGq2KMsbw8Yfnt2hF,2025-03-27T06:15:06.286Z,5
2hNSkq33Sofuoceps5zPLQcxAM1dKfehTeLgczzePDsp,success,2TvYg7qTWsTGYS47eMEKzSQiyBkp3dwvVQ8uohSUtetZGbWMoAWiaTfrXE2EAR8Kh4zcuSAaGq2KMsbw8Yfnt2hF,2025-03-27T06:15:06.286Z,5
4bNX2uBDHjuPfdVdCYEdKfpLNBbrqELmGi9ZSGnQKRwZ,success,2TvYg7qTWsTGYS47eMEKzSQiyBkp3dwvVQ8uohSUtetZGbWMoAWiaTfrXE2EAR8Kh4zcuSAaGq2KMsbw8Yfnt2hF,2025-03-27T06:15:06.286Z,5
4CztS2Zi4CGME3NfRws3vWB1BeN9hbG4TSV32FPS5MmR,success,2TvYg7qTWsTGYS47eMEKzSQiyBkp3dwvVQ8uohSUtetZGbWMoAWiaTfrXE2EAR8Kh4zcuSAaGq2KMsbw8Yfnt2hF,2025-03-27T06:15:06.286Z,5
